customer_id,customer_name,email,city,country,signup_date
1,Allison Hill,donaldgarcia@example.net,New Roberttown,Bermuda,2025-03-04
2,Lance Hoffman,lrobinson@example.com,Port Lindachester,UAE,2025-06-07
3,Daniel Gallagher,daviscolin@example.com,Lindsaymouth,UAE,2025-11-06
4,Thomas Miller,maria95@example.net,Lake Chad,UAE,2026-02-11
5,Dylan Miller,michellejames@example.com,Franciscostad,Cote d'Ivoire,2026-02-18
6,Timothy Wong,amandasanchez@example.com,Nelsonside,Cyprus,2026-03-01
7,Randy Brown,trujillorichard@example.org,New Nancy,Germany,2025-02-28
8,Jennifer Rocha,ithomas@example.org,Juliechester,UAE,2026-08-14
9,Heidi Osborn,williamdavis@example.org,East Courtneychester,UAE,2025-12-23
10,James Ferrell,tasha01@example.net,Kaylamouth,UAE,2024-12-11
11,Christopher Smith,teresa28@example.org,Meaganhaven,UAE,2026-01-02
12,James Martin,georgetracy@example.org,Natashaport,UAE,2025-03-20
13,Shawn Arroyo,dennislisa@example.net,East Donna,UAE,2025-11-17
14,Joseph Obrien,sarahcampos@example.net,Lake Larry,UAE,2026-02-19
15,Jessica Holmes,wrightcaleb@example.org,New Jeffrey,Barbados,2026-03-19
16,Crystal Whitehead,chad34@example.net,Lewisberg,UAE,2026-03-31
17,Laura Kennedy,maguirre@example.org,Lake Ryanchester,UAE,2025-08-01
18,Nicholas Nunez,brownjessica@example.org,East James,UAE,2025-08-30
19,Clifford Ford,ramosmichelle@example.net,North Deniseside,Taiwan,2024-09-27
20,Tammy Allison,richardolson@example.com,East Nicholasfurt,UAE,2025-04-09
21,Rachel Mitchell,smoore@example.org,New Jillton,San Marino,2025-05-17
22,Kevin Shaw,brianromero@example.org,New Carlosbury,Iraq,2024-12-18
23,Laura Riley,harveyrobert@example.net,Sarahborough,UAE,2026-02-18
24,Cynthia Foster,stephen10@example.com,North Amandahaven,UAE,2025-04-09
25,Gregory Jones,mikemoore@example.net,Cherylhaven,Algeria,2026-02-16
26,Elizabeth Alvarado,josephpreston@example.net,West Juan,UAE,2025-02-26
27,Christina Walters,william40@example.org,Calderonton,UAE,2024-09-18
28,Carlos Whitney,joycearnold@example.com,North Charlesberg,UAE,2025-11-13
29,Jacob Tran,tanderson@example.com,West Jasonbury,Papua New Guinea,2024-12-04
30,Justin Baxter,sarayoung@example.org,South Angel,Saint Pierre and Miquelon,2026-09-04
31,Timothy Pham,josephcobb@example.org,Brennanfort,Cyprus,2025-02-18
32,Julia Torres,jeffreykeller@example.com,Joshualand,Sierra Leone,2025-04-20
33,Jordan Frazier,sheila14@example.org,Benjaminchester,UAE,2025-06-11
34,Emily Obrien,cruzbarbara@example.com,Lake Ryanhaven,Uzbekistan,2026-06-04
35,Michelle Harmon,michaeljones@example.net,Cindyville,UAE,2026-03-29
36,Katie Estrada,richard48@example.org,South Elizabeth,UAE,2025-07-07
37,Stephanie Gilbert,richard04@example.com,South Kristi,New Caledonia,2026-02-06
38,Jeremy Lowe,yleon@example.net,Lake Christopher,Malaysia,2026-02-13
39,Frances Cardenas,emilywalker@example.org,North Brandon,Lebanon,2026-01-03
40,Angel Perry,jennifercruz@example.com,East Diana,UAE,2024-09-20
41,Shannon Mcclure,zrobinson@example.net,Williamsbury,United States Virgin Islands,2026-07-06
42,Casey Marshall,stephanie79@example.net,Rivasside,UAE,2025-08-28
43,Natasha Wells,karen48@example.com,West Scott,UAE,2026-03-24
44,Devon Flores,taylorjesse@example.net,Lake Jason,UAE,2025-08-04
45,Joshua Perry,marissaprice@example.net,Port Nicoleshire,UAE,2025-07-08
46,Tommy Evans,acastaneda@example.net,South Jeffrey,UAE,2025-08-20
47,Mr. Michael Yates,marycalhoun@example.net,South Brittanytown,UAE,2024-11-20
48,Brandy Murray,greenmark@example.com,Matthewfurt,UAE,2025-04-20
49,Sandra King,ruizkaitlyn@example.org,Jeffreyland,Slovakia (Slovak Republic),2026-02-04
50,Andre Wright,howelljohn@example.com,New Staciemouth,UAE,2026-03-13
51,Jacob Obrien,stricklandfrank@example.com,New Anthonyport,UAE,2025-12-07
52,Tina Sanders,charlesvaughn@example.net,North Heidi,UAE,2025-05-08
53,Lindsay Martinez,reedross@example.com,New Deborahtown,UAE,2026-07-07
54,John Hamilton,cynthia72@example.com,Lake Aimee,Pakistan,2025-04-13
55,Tamara Hampton,ugraham@example.net,Marcusbury,Switzerland,2026-09-11
56,Stephen Sanchez,qhudson@example.com,Anthonymouth,Cocos (Keeling) Islands,2025-09-29
57,Robert Peterson,angela83@example.org,Lake Richard,UAE,2025-11-21
58,Melissa Brewer,bwest@example.org,Jeffreybury,Gambia,2026-02-13
59,Kara Schmidt,jbarajas@example.com,Jacquelineview,UAE,2025-05-12
60,Bryan Lee,newtonstephanie@example.net,East Javier,UAE,2025-09-27
61,Kevin Wolf,tina34@example.org,Harrytown,Russian Federation,2025-11-04
62,Angel Brown,heidi27@example.org,New Justinfort,Kazakhstan,2025-06-07
63,Anthony Everett,ewilson@example.com,Joneston,UAE,2025-01-11
64,Justin Torres,davidduran@example.net,Port Alexandra,Korea,2026-08-22
65,Scott Branch,ashley09@example.net,Port Jaredborough,Estonia,2026-02-10
66,David Arnold,aaronhayes@example.net,Carterbury,France,2026-03-19
67,Scott Jones,sandrafrench@example.net,South Danny,UAE,2025-03-09
68,Susan Serrano,brownlaura@example.net,Scottmouth,UAE,2026-03-04
69,James Nelson,mkim@example.org,Navarroview,UAE,2024-10-06
70,Vernon Huff,keyemily@example.com,Port Katelynfort,UAE,2025-10-24
71,Sydney White,fwalters@example.org,Baileymouth,UAE,2025-05-23
72,Shannon Rivera,zroberts@example.net,South Christopherview,Gibraltar,2024-12-15
73,Jennifer Robertson,sandovalamy@example.com,East Aprilfort,Niue,2025-08-25
74,Christina Dunn,samuel71@example.org,Lake Eric,UAE,2025-11-17
75,Jason Walker,murraydavid@example.org,Cantuport,Malawi,2026-03-17
76,Ruben Baird,stephenthomas@example.org,Port Chad,UAE,2026-05-09
77,Jennifer Villa,lori44@example.net,Grimesmouth,Mauritania,2025-09-27
78,Juan Daniels,mcantu@example.net,New Patrick,UAE,2026-07-12
79,Amanda Garner,qhughes@example.net,South Tammie,UAE,2024-12-23
80,Leslie Kane,dgarcia@example.org,South Monica,UAE,2025-01-13
81,Richard Baker,vsantos@example.net,Finleyfort,UAE,2026-07-25
82,Lisa Young,wendy16@example.org,South Garrettport,UAE,2026-08-18
83,Frederick Brown,nicholas23@example.net,Knightburgh,UAE,2025-01-26
84,Leon Reyes,tyleraguilar@example.org,Littlemouth,Equatorial Guinea,2026-02-15
85,Robert Santana,charleslandry@example.net,Daniellechester,UAE,2026-03-06
86,Ryan Gonzalez,gcastaneda@example.org,Armstrongshire,UAE,2025-05-03
87,Elizabeth Spence DDS,alan09@example.net,Wallport,Singapore,2026-05-29
88,Robert Robinson,christinebyrd@example.net,Lake Colton,UAE,2026-01-16
89,Ellen Alexander,jessica14@example.com,Thompsonberg,UAE,2026-05-19
90,Valerie Schmidt,maria47@example.com,Lindamouth,UAE,2024-11-13
91,Vincent Dalton,zcoffey@example.net,Christopherfurt,UAE,2024-09-26
92,Caleb Richardson,brenda51@example.net,South Angel,Turks and Caicos Islands,2025-11-26
93,Leonard Holland,tblankenship@example.net,Wilsonton,Yemen,2024-10-14
94,Johnathan Davis,paulwatson@example.net,Matthewsberg,UAE,2026-08-04
95,Brett Burns,rcrosby@example.org,Jeffmouth,UAE,2025-03-18
96,Ariana Jennings,bruce43@example.org,Davisborough,UAE,2026-01-27
97,Tricia Williams,john29@example.org,Port Kathyborough,Namibia,2025-03-02
98,Crystal Schroeder,ramireztracey@example.org,Laurenville,UAE,2026-02-11
99,Bonnie Howard,briannasmith@example.com,East Judyhaven,Brazil,2026-04-18
100,Jerome Cox,hayesjeffrey@example.net,Lake Kristahaven,Gabon,2025-09-06
101,Amanda Lutz,gsimmons@example.com,Jonesland,UAE,2025-05-24
102,Ana Hill,oscar98@example.com,Wagnerchester,Bolivia,2026-05-25
103,Sarah Curtis,russellbeasley@example.com,Mariafurt,Israel,2026-04-05
104,Jeffery Ortega,stephanie71@example.org,North Ryanstad,UAE,2026-06-08
105,Anthony Frye,elizabeth65@example.net,Parrishton,UAE,2025-04-27
106,Heather Lane,ericolson@example.org,Meganstad,Brazil,2026-05-01
107,Darrell Patterson,lynchdiane@example.net,Anthonyview,UAE,2026-03-15
108,Tammy Bell,mollyknight@example.com,East Joycetown,UAE,2024-11-26
109,Cindy Barnes,eric45@example.net,North Ericton,UAE,2026-02-21
110,Jeremy Coleman,nperry@example.net,West Russellport,Philippines,2026-02-24
111,Kelsey Parker,randallgreene@example.org,West Sierra,Seychelles,2024-12-31
112,Donna Wilson,lburgess@example.org,Patelbury,UAE,2025-10-09
113,Mary Gomez,chensley@example.com,South Samanthamouth,UAE,2025-12-07
114,Jared Bowman,darius05@example.org,Collierstad,UAE,2024-11-23
115,Brian Graham,zwarren@example.com,Jeffreyburgh,Belarus,2025-10-17
116,Kerry Lee,michael23@example.org,West James,Netherlands,2025-01-12
117,Mary Thompson,kmarshall@example.net,Maldonadoshire,UAE,2026-01-28
118,Lori Lin,edward17@example.com,Laurashire,Azerbaijan,2025-06-16
119,Emily Hayes,woodjustin@example.net,New Brookefurt,Kyrgyz Republic,2025-12-10
120,Rebecca Huang,kstout@example.net,West Cassidy,UAE,2025-10-10
121,Antonio Garcia,toni18@example.net,North John,Kazakhstan,2025-08-23
122,Lisa Cox,paul59@example.org,Cameronville,UAE,2025-11-23
123,Diane Cummings,mathewaguilar@example.org,Kylefurt,Bulgaria,2025-12-22
124,Angela Hansen,lisa81@example.net,Romerotown,UAE,2025-06-24
125,Trevor Peterson,ilee@example.org,West Meganville,UAE,2025-10-15
126,Sandy Stephenson,stanleynancy@example.net,New Nicholas,UAE,2025-01-20
127,Michael Weber,jenniferwilliams@example.com,South Cheryl,UAE,2026-04-23
128,Joann Ferguson,tammy73@example.com,Murrayport,Slovakia (Slovak Republic),2025-07-09
129,Jennifer Martin,laurietaylor@example.com,Lake Timothystad,Micronesia,2026-09-11
130,Ryan Rosales,christopher24@example.com,Port Samuel,Yemen,2026-08-24
131,Jerry Bailey,perryrandy@example.com,South Virginia,UAE,2025-07-04
132,Fernando Garcia,lacey20@example.com,Hortonberg,UAE,2026-04-28
133,Joan Smith,smithjason@example.org,Rodriguezport,Dominica,2025-05-07
134,David Fowler,fbrown@example.net,Lake Zacharybury,Saint Barthelemy,2025-01-05
135,Aaron Gomez,qlopez@example.org,Carloshaven,UAE,2025-11-12
136,Virginia Spencer,cmarks@example.net,Zavalaview,UAE,2026-04-19
137,Richard Cooper,ingramjill@example.com,North Michael,UAE,2025-06-05
138,Carrie Maxwell,epollard@example.net,Port Dennis,Saint Barthelemy,2026-05-11
139,Amanda Harris,ninastewart@example.com,Haysside,Lebanon,2025-03-31
140,Matthew Mitchell,glennmartin@example.org,Samuelfurt,UAE,2026-04-16
141,Tyler Morgan,tylerjimenez@example.net,Lauriechester,UAE,2024-11-16
142,Zachary White,manuel15@example.net,Kirkchester,UAE,2025-01-23
143,Heather Williams,christina64@example.net,North Emilyfurt,UAE,2025-06-25
144,Nicole Moore,thomascathy@example.com,East Carlosstad,Guyana,2025-07-10
145,Amanda Hernandez,xrush@example.com,New Devinstad,UAE,2025-07-22
146,Donald Horne,fitzgeraldvictor@example.com,West Kimberlymouth,UAE,2025-03-01
147,Donna Hendricks DDS,taylorcharles@example.org,Osbornmouth,UAE,2026-02-16
148,Austin Daniels,melissa25@example.net,North Tracie,Somalia,2025-01-01
149,Johnny Ward,tanner82@example.net,North Kylefort,UAE,2025-10-29
150,Jason Andrews,teresaday@example.com,Frazierstad,UAE,2024-12-24
151,Penny Bowman,katrinaanderson@example.net,Port Davidberg,Gabon,2025-01-21
152,Timothy Perez,meghan43@example.net,Davidport,Nicaragua,2025-11-04
153,Martin Vargas,georgeweber@example.net,Meganshire,UAE,2024-10-17
154,Alyssa Williams,debra96@example.net,South Pamelaside,UAE,2025-04-28
155,Elizabeth Sanchez,eevans@example.net,East Scottfort,UAE,2025-09-11
156,Lawrence Edwards,jessica56@example.org,Zacharyville,UAE,2025-05-21
157,Bryan Cole,colinroberts@example.com,Wrightburgh,UAE,2026-06-09
158,Kenneth Edwards,tyronerobertson@example.com,Tylerland,UAE,2025-07-18
159,Tracy Lewis,brandon47@example.net,Mitchelltown,UAE,2026-07-06
160,Cesar Baker,kathryn50@example.com,New Annastad,UAE,2025-11-19
161,James Cole,marcia99@example.org,North Phillip,UAE,2026-05-26
162,Ms. Holly Thomas,cporter@example.org,Lake Mason,Lebanon,2025-10-24
163,Larry Robertson,sarah52@example.com,Brittneyhaven,UAE,2026-06-21
164,Katherine Hart,xcabrera@example.com,South Brandytown,Nepal,2025-09-19
165,Matthew Stanton,jennifersilva@example.org,Hernandezbury,Antigua and Barbuda,2025-12-04
166,Ashley Smith,robert63@example.com,Salaston,UAE,2026-03-18
167,Daniel Nguyen,ufox@example.org,Barrmouth,UAE,2025-11-14
168,Raymond Le,chelsea33@example.com,Jeffreyport,Sierra Leone,2025-04-28
169,Melissa Burns,ybailey@example.net,Keithshire,UAE,2026-02-23
170,Stephanie Foster,stephanie24@example.org,Stephanieland,UAE,2025-06-12
171,Mary Burgess,jamesryan@example.net,Derrickshire,Dominican Republic,2025-03-23
172,Taylor Perez,briangutierrez@example.net,Garciaberg,UAE,2024-09-20
173,Vanessa Moore,mwoods@example.com,Justinton,UAE,2026-08-22
174,Marissa Hall,gentrygregory@example.org,Port Randyfort,Colombia,2026-09-13
175,Shelia Roberts,smithashley@example.org,Justinside,Malta,2025-10-04
176,Brandi Gordon,james15@example.org,Wongburgh,UAE,2024-09-26
177,Rachel Bradley,gregorychase@example.com,Robertsonland,UAE,2025-07-24
178,Cathy Taylor,shari04@example.com,South Karen,UAE,2025-05-30
179,Nathan Smith,heather01@example.com,Erikhaven,UAE,2026-09-02
180,Michele Collins,fowlershelia@example.com,East Susan,UAE,2025-09-22
181,Paul Obrien,emiles@example.net,Port John,Saudi Arabia,2025-12-22
182,Angela Griffin,christian91@example.org,New Amanda,Chad,2025-05-28
183,Jessica Frazier,gdavis@example.com,South Davidchester,Korea,2025-11-28
184,Joel Roman,fosterlisa@example.net,New Charles,UAE,2025-08-11
185,Arthur Mcknight,andersenthomas@example.com,Whiteberg,UAE,2026-05-03
186,Monica Stuart,victoria67@example.com,Millerside,UAE,2024-12-28
187,Hannah White,urice@example.org,Port Andrewport,Kyrgyz Republic,2026-02-21
188,Jessica Gray,johnreed@example.com,Lake Kathy,UAE,2024-10-11
189,Jennifer Miranda,allencarlos@example.net,South Carlaton,UAE,2025-03-25
190,Jennifer Young,karenparsons@example.org,Jimshire,UAE,2025-05-21
191,Patricia Cardenas,kevinthomas@example.net,South Kevin,UAE,2024-11-02
192,Leslie Moss,conniesimmons@example.com,West Shellyfurt,UAE,2026-05-19
193,Melissa Russell,nicholas87@example.org,West Meredith,UAE,2025-01-06
194,Suzanne Hart,igrant@example.com,West James,Oman,2024-11-16
195,Sarah Davis,brettbennett@example.net,Port Charlesshire,UAE,2026-04-01
196,Claire Clark,kevin03@example.org,Lake Yvonnefort,United States Virgin Islands,2025-03-23
197,Michele Sanders,andrearowe@example.com,Fergusonstad,UAE,2025-05-13
198,Jose Crawford,langjennifer@example.com,West Lawrence,UAE,2024-10-21
199,Connie Thomas,angela99@example.net,Phillipsborough,Greenland,2025-03-13
200,Roy Porter,jonathan77@example.com,Lake Laura,Chile,2025-01-02
201,Katherine Stark,warrenmary@example.org,Port Adamberg,Tajikistan,2026-01-18
202,Michael Smith,nbrooks@example.net,Hopkinstown,Albania,2025-11-03
203,Alexandra Moreno,amanda40@example.net,Drakeburgh,Botswana,2026-08-30
204,Chase Lee,lisa46@example.org,Susanmouth,UAE,2025-11-28
205,Michael Evans,valdezmichele@example.org,South Nicholasside,UAE,2025-09-20
206,Adam Jackson,pbruce@example.com,New Samanthabury,UAE,2025-02-27
207,Melissa Knight,brandon14@example.net,East Sarahmouth,UAE,2024-09-28
208,Laurie Goodwin,thickman@example.org,New Mary,UAE,2025-07-15
209,Kimberly Reyes,krystalnorris@example.org,Brianchester,UAE,2025-03-15
210,Gina Mack,unovak@example.org,Kristenmouth,Liechtenstein,2025-03-12
211,Todd Reynolds,nmiller@example.com,Lake Charles,UAE,2025-04-12
212,Michael Walters,gstewart@example.org,West Seanview,Bosnia and Herzegovina,2024-12-27
213,Jeffrey Hawkins,fgarcia@example.com,New Carlymouth,UAE,2026-07-18
214,Edgar Hughes,hardyanita@example.org,Lake Oscar,UAE,2025-01-01
215,Derrick Thomas,ryanfisher@example.com,West Johnathanbury,Saint Helena,2026-01-14
216,Luis Ellis Jr.,rushmartin@example.net,Brockmouth,Kazakhstan,2025-06-02
217,Rodney Curtis,kevinmorrison@example.net,South Leon,UAE,2025-07-22
218,Doris Neal,yfaulkner@example.org,Nicholasfurt,Haiti,2024-12-13
219,Christina Osborn,erinpierce@example.net,Hahnborough,UAE,2025-08-22
220,Sandra Jones,ichambers@example.net,Johnberg,UAE,2026-03-25
221,James Cole,iaguilar@example.net,Stephensstad,Reunion,2026-08-12
222,Linda Rocha,mackdiane@example.com,Lake Cheyenne,UAE,2025-11-27
223,Miss Jennifer Goodwin,grodriguez@example.com,New Julie,UAE,2025-11-23
224,Laura Griffin,rford@example.net,West Whitney,Liberia,2024-12-06
225,Thomas Miller,michaelcooper@example.org,Baileyville,UAE,2025-08-22
226,Jodi Jones,patrickdarin@example.com,Lake Laurenbury,UAE,2025-10-21
227,Christopher Castro,zhall@example.net,East Danielle,UAE,2025-08-17
228,Omar Ware,yvargas@example.org,East Joshua,Romania,2026-06-06
229,Laura Lloyd,michaelgonzalez@example.org,Emilyfort,UAE,2025-10-30
230,Emily Price,wmatthews@example.com,Williamsonport,Uruguay,2026-01-06
231,Megan Edwards,kevinwhite@example.net,New Paul,UAE,2025-12-23
232,James Lopez,angelaburns@example.org,West Megan,UAE,2026-01-10
233,Ian Smith,jamescruz@example.net,Ortizfort,UAE,2025-08-04
234,Jill Jackson,flynnjeffrey@example.org,Jeffreyport,Chile,2026-05-15
235,Patrick Cannon,armstrongjoseph@example.net,Amberton,UAE,2026-04-29
236,Kimberly Fritz,fitzgeralddesiree@example.org,Nancyton,UAE,2025-08-31
237,Scott Miller,rowejoel@example.net,Michellechester,Chad,2026-01-07
238,Daniel Clark,hudsonamanda@example.net,West Tiffany,UAE,2025-05-01
239,Derek Hodge,taylorkaren@example.com,West Michelleberg,UAE,2026-03-14
240,Danielle Dawson,kathleenlowe@example.com,New Cynthia,Niue,2025-08-03
241,Bernard Norton,powellkara@example.net,Shawnfort,UAE,2025-05-28
242,Sheila Boone,simonstephen@example.net,Melissaside,UAE,2025-07-21
243,Jeffrey Lewis,marcus45@example.net,New Melissa,UAE,2026-05-21
244,Michael Williams,simsmary@example.org,Port Ericmouth,Afghanistan,2025-08-14
245,Michael Anderson,erik41@example.net,Johnstad,UAE,2026-02-14
246,Carol Sanders,jessica36@example.net,Lake Codyborough,Lesotho,2024-11-15
247,Darrell Frazier,smithmatthew@example.org,Bensonfort,UAE,2024-11-10
248,Brandon Shaffer,edwardsnicole@example.org,Ayalaberg,UAE,2026-01-27
249,Brenda Moreno MD,scottbowen@example.net,South Christina,Kenya,2026-07-15
250,Steven Taylor,lawrencepatrick@example.com,Kyliebury,UAE,2025-04-19
251,Danielle Burke,kimberly04@example.org,Lake Peter,UAE,2026-01-30
252,Steven Blevins,pcruz@example.com,New Pamelatown,Guyana,2026-09-11
253,James Combs,rdiaz@example.org,Bestland,UAE,2024-09-28
254,Alexis Lewis,fryraymond@example.com,Hendersonfurt,UAE,2024-11-19
255,Kimberly Hernandez,collinswilliam@example.org,New Mark,Namibia,2026-01-21
256,Marie Day,holly30@example.org,South Darrenton,Georgia,2026-02-15
257,Natalie Wilson,jacquelinemartin@example.com,Garyberg,UAE,2026-04-21
258,Debra Tanner,rogersruben@example.net,West Jennifershire,UAE,2026-01-16
259,Jesse Ward,kvillarreal@example.com,West Kerri,UAE,2026-08-11
260,Miranda Perez,williamsmichelle@example.org,South Michaelberg,Christmas Island,2026-09-09
261,Amanda Pratt,pwalker@example.com,Josephland,Montserrat,2025-07-02
262,Michael Williams,lindajarvis@example.com,South Michelleport,Greece,2024-11-22
263,Aimee Gonzalez,jodi37@example.com,Cuevasborough,UAE,2026-04-07
264,Paige Sanchez,randolphandrew@example.net,Cynthiatown,UAE,2025-06-03
265,Matthew Sweeney,dalton83@example.com,Woodwardberg,Rwanda,2025-04-21
266,Thomas Merritt,xhaynes@example.com,New Codyberg,Northern Mariana Islands,2026-06-14
267,Kevin Brown,joelgreen@example.com,Haynesmouth,Ghana,2025-09-02
268,Benjamin Harris,moorefrank@example.com,Richardside,Guinea-Bissau,2026-05-07
269,Eric Baker,davislindsey@example.com,East Marymouth,Cameroon,2024-11-25
270,Tracy Foster,byrdjorge@example.org,South Melissaside,UAE,2026-04-20
271,Anna Garcia,davidbrown@example.org,East Madison,Holy See (Vatican City State),2026-03-03
272,Maria Aguilar,samantha10@example.org,Lake Scott,UAE,2024-12-25
273,Ryan Lamb,williamssteven@example.org,Underwoodfurt,Luxembourg,2024-10-08
274,Jeffery Gomez,joshuagriffin@example.org,New Christinebury,Oman,2025-05-03
275,Dr. John Miller MD,zgonzalez@example.net,Lake Virginia,UAE,2025-11-12
276,Virginia Casey,timothy75@example.net,Paulburgh,UAE,2024-10-06
277,Daniel Huang,brian78@example.com,East Craig,UAE,2026-02-08
278,Joseph Moody,gallagherstacie@example.net,Kellyburgh,UAE,2025-01-30
279,Evan Rojas,robin05@example.net,New Stacy,UAE,2026-06-27
280,Sierra Vasquez MD,djohnson@example.org,North Alisha,Afghanistan,2025-05-31
281,Christina Anderson,samantharichard@example.com,North Dylanberg,Singapore,2024-12-11
282,Shannon Yu,janet69@example.org,Kevinberg,UAE,2025-01-16
283,Jessica Fowler,lbanks@example.net,Jeffreyshire,Suriname,2025-01-30
284,Nicholas Phillips,jessicarush@example.net,Rosalesshire,UAE,2024-10-11
285,Evan Lamb,daniellegarcia@example.com,West Julie,UAE,2025-03-19
286,Francisco Fields,underwoodelizabeth@example.net,Seanview,Cote d'Ivoire,2025-03-28
287,Hayley Buchanan,williamssamuel@example.com,South Trevor,Honduras,2025-06-15
288,Ashley Mendoza,franciscojones@example.org,Andrewview,UAE,2024-12-06
289,Christopher Bennett,paynerachael@example.org,Brookefort,UAE,2026-03-17
290,Tommy Martin,gmoore@example.com,East Robert,UAE,2025-11-20
291,Monica Baker,kenneth10@example.com,Hernandezstad,UAE,2024-09-18
292,Edward Stanley,bgonzalez@example.org,Lake Kelly,Belgium,2025-09-18
293,Elizabeth Sanders,qjacobson@example.org,Lopezfurt,Heard Island and McDonald Islands,2025-02-07
294,Dennis Marshall,maryelliott@example.org,North Elizabethside,UAE,2025-08-03
295,Leah Spencer,acardenas@example.net,Armstrongbury,Lebanon,2025-05-06
296,Steven Klein,davidtodd@example.org,East Lindsey,UAE,2024-12-23
297,Blake Vega,wendyburton@example.net,Luisland,UAE,2024-11-22
298,James Nguyen,april09@example.net,Rodriguezberg,UAE,2025-01-09
299,Lauren Hanna,buckleyanna@example.org,Mikaylastad,UAE,2026-07-29
300,James Washington,rjohnson@example.com,New Charlotte,Puerto Rico,2025-07-25
